Issuer name,Issuer LEI code,Latest position date,Sum short %
NIBE Industrier AB,549300ZQH0FIF1P0MX67,2024-11-15,11.21
Arjo AB (publ),549300OWGJPYKC6JF790,2024-11-15,1.36
Moberg Pharma AB (publ),549300XFXK7DVGDRP410,2024-11-15,2.44
Billerud Aktiebolag (publ),549300YJUYJ9A24RXL71,2024-11-15,1.14
Kebni AB (publ),549300UWE2XN3O7TXX74,2024-11-15,0.2
Active Biotech AB (publ),549300OJ44CLMRU8YE43,2024-11-12,0.56
Avanza Bank Holding AB,549300MBWR5H8SIJLE03,2024-11-15,8.26
Yubico AB,549300I9RBIU9DW59H39,2024-11-15,4.32
Sinch AB (publ),549300UXY7QM6IDCGI12,2024-11-15,5.64
Corline Biomedical AB,549300KYLOA3DVEPZ069,2024-11-15,0.2
Logistea AB,549300ZSB0ZCKM1SL747,2024-11-05,0.2
New Wave Group AB,5493006EIYZZYQILKS31,2024-11-14,3.4
INVISIO AB,54930054EB7KX3MY2Q11,2024-11-14,0.37
Infant Bacterial Therapeutics AB,2138008KVBXCRJGP6Z26,2024-10-28,0.1
Orrön Energy AB,549300IULC8F8IGXKI15,2024-11-14,3.66
JM AB,529900X0UEM9DOM6FK12,2024-11-14,10.39
Smart Eye Aktiebolag (publ),549300BUD7ZPFPKM6856,2024-11-14,3.43
Samhällsbyggnadsbolaget i Norden AB,549300HX9MRFY47AH564,2024-11-14,13.68
Tobii AB,54930045LD4XTJCBGS35,2024-11-14,3.13
Beijer Ref AB (publ),549300PZZEUVH08H4G75,2024-11-07,4.01
BioArctic AB,549300Y0OI2WVUNHLC33,2024-11-11,4.74
Munters Group AB,549300KYCB37YAVUV523,2024-11-06,1.49
Embracer Group AB,549300RFXXKT652HB549,2024-11-14,6.22
Telefonaktiebolaget LM Ericsson,549300W9JLPW15XIFM52,2024-11-15,1.75
Fastighets AB Balder,549300GHKJCEZOAEUU82,2024-11-14,4.06
Surgical Science Sweden AB,549300YROAI18G6JL885,2024-11-14,2.67
EQT AB,213800U7P9GOIRKCTB34,2024-11-12,1.4
Sivers Semiconductors AB,254900UBKNY2EJ588J53,2024-11-13,1.51
Husqvarna AB,549300GYQIIJ3UXB7655,2024-11-14,8.04
Elekta AB (publ),54930044O54BK617EP80,2024-11-14,12.84
Getinge AB (publ),5493003PZ4F570G3W735,2024-11-14,3.04
Africa Oil Corp.,549300071188HIDJEB11,2024-11-14,0.69
Coor Service Management Holding AB,529900TMO6717OKBSU69,2024-11-15,1.54
Tele2 AB,213800EKD193RVI9HL76,2024-11-14,3.51
Instalco AB,549300DZ9ONT2AXY4029,2024-11-14,3.77
Hexatronic Group AB,2138001VSY1B4U9JLM82,2024-11-14,6.05
Cibus Nordic Real Estate AB (publ),549300PW36MFK96GCR23,2024-11-13,1.68
Aktiebolaget Electrolux,549300Y3HHZB1ZGFPJ93,2024-11-14,8.9
Alfa Laval AB,549300UCKT2UK88AG251,2024-11-07,0.77
Evolution AB (publ),549300SUH6ZR1RF6TA88,2024-11-14,4.07
VBG GROUP AB (publ),549300O1V2ZWY6W9GZ14,2024-11-14,0.67
Castellum Aktiebolag,549300GU5OHTR1T5IY68,2024-11-14,4.16
AAK AB (publ),549300GK4LGIDDWJWL07,2024-10-29,1.37
Aktiebolaget SKF,549300B6HWYEE57O8J84,2024-11-08,3.1
Kinnevik AB,2138006PZH76JOS6MN27,2024-11-14,3.6
Boliden AB,21380059QU7IM1ONDJ56,2024-11-14,4.89
Volvo Car AB,5299000EAMGGBEYP7J33,2024-11-14,5.33
Addnode Group Aktiebolag (publ),213800CQXEA3W1YWXZ31,2024-10-25,0.56
Corem Property Group AB,213800CHXQQD7TSS1T59,2024-11-14,0.7
Securitas AB,635400TTYKE8EIWDS617,2024-11-14,6.43
SAAB Aktiebolag,549300ZHO4JCQQI13M69,2024-11-14,2.71
Wihlborgs Fastigheter AB,549300RC1YDJPITF8X06,2024-11-14,1.05
Aktiebolaget Volvo,549300HGV012CNC8JD22,2024-11-14,0.94
Essity Aktiebolag (publ),549300G8E6YUVJ1DA153,2024-11-14,2.43
Xvivo Perfusion Aktiebolag,549300G2464FYLS14B41,2024-11-14,0.3
Svenska Cellulosa Aktiebolaget SCA,549300FW5JDRV1IJ0M67,2024-11-14,3.2
Sandvik Aktiebolag,5299008ZUAXN43LVZF54,2024-11-14,0.41
Holmen Aktiebolag,52990080SH3454F0QE68,2024-11-12,2.28
Dometic Group AB (publ),549300STIPMK5VSA7Y59,2024-11-13,2.71
AFRY AB,549300Q87LKPPD4X9R30,2024-11-14,0.4
Sveafastigheter AB (publ),636700W1VM86O2G2AA36,2024-11-14,0.76
Precise Biometrics AB,54930047Z8TEBJTKYX74,2024-11-14,0.53
Fingerprint Cards AB,5493004YF5D7Z612Z822,2024-11-14,4.71
Hansa Biopharma AB,549300LLEO25ZJJ3NT91,2024-11-14,4.31
Boozt AB,549300HOEUKTVLRKQQ57,2024-11-14,2.88
Powercell Sweden AB (publ),54930075IJ7TGOK3VC02,2024-11-14,6.53
Stillfront Group AB (publ),529900SYKCO4GYBTIJ54,2024-11-13,3.56
Axfood AB,549300QIXCZWZLHE8L05,2024-11-14,2.92
Better Collective A/S,2549001EPXH6NK7I2R78,2024-11-13,4.08
Ovzon AB (publ),549300U82F1HQRSTYZ66,2024-11-14,0.39
Haypp Group AB (publ),549300NDGL14NS31UP49,2024-11-14,0.21
Adverty AB (publ),894500IE8D5SS15O5R66,2024-11-14,0.71
Nordnet AB (publ),549300D6WW5ZTWLZ4C08,2024-11-14,1.95
CirChem AB,549300HCWF0R7F0YNY62,2024-11-14,0.24
BeammWave AB,9845008AD575B0BD7B65,2024-11-14,0.34
Iconovo AB,549300CH7SEE52V2WD15,2024-11-14,0.4
Immunovia AB (publ),549300KHWL6KK1XGUO81,2024-11-14,1.52
NOTE AB (publ),54930038JVQ3CMTEO084,2024-11-13,3.82
Intrum AB,549300UNCO2FCUWXX470,2024-11-13,7.12
EOLUS VIND AB,549300NNUPH6DE8DVO06,2024-11-13,2.03
SSAB AB,529900329VS14ZIML164,2024-11-13,4.59
Catena AB,549300EMLM7AH5LDLY65,2024-11-13,0.8
Svolder Aktiebolag,5493006ZVS6SHCKH6I37,2024-11-13,0.66
Trelleborg AB,213800XY16PAWG2PAD14,2024-11-13,0.86
Mips AB,549300LZSA4S0L54VQ25,2024-11-13,6.08
Nobia AB,529900MZ8Y3QGPDF6815,2024-11-13,2.12
CANTARGIA AB,549300GKWRT7RXI4VS85,2024-10-16,0.46
Skanska AB,549300UINV5RINHGMG07,2024-11-13,2.92
Modern Times Group MTG AB,549300E8NDODRSX29339,2024-11-13,1.13
Bergman & Beving Aktiebolag,549300RC0HUZSJYJO751,2024-10-22,0.33
AcadeMedia AB,549300H47PGHY4JNKO68,2021-09-07,0.19
Sdiptech AB (publ),549300JBO7VTEGMRW310,2024-11-13,2
BICO Group AB,549300FE4PT8NDXXNK85,2024-11-13,3.11
H & M Hennes & Mauritz AB,529900O5RR7R39FRDM42,2024-11-13,6.54
Knowit Aktiebolag (publ),549300CM6KSG2GY3HV62,2024-11-13,0.65
HANZA AB,549300X0C14ZL28N1L09,2024-11-13,2.39
Cint Group AB (publ),549300KSY3P5G8XC0A34,2024-11-13,5.8
Xspray Pharma AB (publ),549300NGRQCNZ3X4L157,2021-02-25,0.1
Clinical Laserthermia Systems AB,549300TH4O6D9205O691,2024-11-13,0.62
HEXICON AB,9845007784687FEF7569,2024-11-13,1.08
ExpreS2ion Biotech Holding AB,549300FJK50P1ORYJC45,2024-11-13,1.41
Fortnox Aktiebolag,549300MSNMHPC3O60W78,2024-11-12,5.43
ADDvise Group AB (publ),549300C17TZXE1IEOA66,2024-11-07,0.79
Bravida Holding AB,549300H88IJGPNNL3T61,2024-11-12,0.81
G5 Entertainment AB (publ),549300K7QJ1N1FEG2X81,2024-11-12,1.97
RVRC Holding AB,549300YU7003VHQV3J57,2024-11-12,2.06
aXichem AB (publ),549300REE3038LIBWS21,2024-10-15,0.14
Thule Group AB,549300XHHOGBOERKU333,2024-11-11,3.03
Truecaller AB,549300TEYF1FA5G5GK26,2024-11-12,6.01
Bilia AB,2138002GW5WN1UYZAO32,2024-11-12,0.53
INTERNATIONAL PETROLEUM CORPORATION,54930025D80LU0SMR645,2024-11-12,0.46
Betsson AB,549300W61XW8OFGBG077,2024-11-12,2.28
Addtech AB,549300QZ5U2IDRHPWL60,2024-10-16,1.44
Attendo AB (publ),549300KEJDL2FNITUW65,2024-11-12,1.35
Cloetta AB,549300CSLHPO6Y1AZN37,2024-10-31,1.42
Ambea AB ( publ ),549300AEVNZRHYI5HV24,2024-11-12,0.49
Nordic Paper Holding AB,549300IA1EP1W7DZP567,2024-11-12,0.4
Oncopeptides AB,549300J9WWQ5CBYQ1M77,2024-11-12,1.24
Swedish Orphan Biovitrum AB (publ),549300124Y3MQI87PT35,2024-11-06,2.56
Skandinaviska Enskilda Banken AB,F3JS33DEI6XQ4ZBPTN86,2024-11-12,0.96
CTT Systems AB,549300AG5CO2JWUJQ994,2024-11-12,0.1
VEF AB (publ),549300GLLHHE80RQ2Y24,2024-11-12,0.2
Hexagon Aktiebolag,549300WJFW6ILNI4TA80,2024-11-12,0.59
Xbrane Biopharma AB,5493008DKD05APTKQO39,2024-10-31,2.22
W5 Solutions AB (publ),549300JKE3X3UFP08232,2024-10-29,0.29
Wallenstam AB,21380081R2P9MKFQBD25,2024-11-11,2.83
Storskogen Group AB (publ),549300DL3K4HLJ41KD24,2024-11-11,1.21
Rusta AB (publ),549300V512S3QMRNO618,2024-11-12,0.59
Epiroc Aktiebolag,5493004Q73OEYW1SPE91,2024-11-11,2.05
Telia Company AB,213800FSR9RNDUOTXO25,2024-10-31,2.3
KAMBI GROUP PLC,2138003TN71ZS4RHIJ87,2024-11-11,1.26
BioGaia AB,549300UBUJOY2L7TT361,2024-11-11,0.76
Sedana Medical AB (publ),549300FQ3NJRI56LCX32,2024-11-08,1.4
Viaplay Group AB (publ),5493006E0IJD0DHJSR89,2024-11-08,2.96
ASSA ABLOY AB,549300YECS8HKCIMMB67,2024-10-23,0.91
BioInvent International Aktiebolag,549300E7QRHEF2IJUY10,2024-10-25,0.19
Concentric AB,5493002G9GMTKIP3PW19,2024-11-08,0.14
SWECO AB (publ),549300Q4Y55VICYV6U90,2024-11-08,0.48
Hufvudstaden AB,213800UEV5ZAFFVQ4J85,2024-11-07,1.72
NCAB Group AB (publ),549300RUPCK2N43ES354,2024-11-08,3.47
Carbiotix AB (publ),549300Z1ETTOG79FVU56,2024-11-08,0.42
Pandox Aktiebolag,549300K4HA8EBLSL3B97,2024-11-07,0.99
Cell Impact AB (publ),549300PS6XPVP3MP2W76,2024-11-08,0.72
Prevas Aktiebolag,5493007FF9DNP5DUJQ78,2024-11-07,0.5
Hoist Finance AB (publ),549300NPK3FB2BEL4D08,2024-10-30,1.29
Vitec Software Group AB (publ),5493005EB5RV1QHE6H94,2024-11-07,2.93
Svenska Handelsbanken AB,NHBDILHZTYCNBV5UYZ31,2024-11-07,1.82
HEXPOL AB,549300MN30TBRLYN3465,2024-11-07,0.79
Gränges AB,5493006UG44TYSIXOB13,2022-07-01,0.1
Camurus AB,5493003S6Z6VI7WYFQ06,2024-11-07,1.31
Arise AB,549300FOT7EE85QYB655,2021-05-17,0.17
SpectraCure AB (publ),549300U3BMSZ5VGYC283,2024-11-06,0.5
OptiCept Technologies AB,549300NRD3YRN5X6RL95,2024-11-07,1.25
NCC Aktiebolag,213800WRGLW3CY4MHW53,2024-11-06,1.01
Ratos AB,2138008KECUUB9VR4798,2024-03-25,0.56
Swedbank AB,M312WZV08Y7LYUC71685,2024-11-06,1.74
Lindab International AB,54930085MH6IRQ1JP227,2024-11-06,1.34
BONESUPPORT HOLDING AB,549300COLY053IGTLD63,2024-11-06,1.07
Vicore Pharma Holding AB,549300KTNBPTZLF01130,2024-11-06,0.8
Terranet Holding AB,549300B4CGWDK6FGRY73,2024-11-06,0.38
Acconeer AB,549300QTX5BP5V02EK37,2021-11-15,0.17
NP3 Fastigheter AB,549300MGVITW8GYJHZ50,2024-11-06,0.25
Q-linea AB,549300BXVB4XRM8WSC73,2024-11-06,0.94
Aktiebolaget Industrivärden,549300TM1DLIQI3B3T37,2024-11-05,1.37
Alleima AB,529900EBHTYGLA6PGP77,2024-09-06,0.58
Mycronic AB (publ),549300S5CCFESE4C6Y07,2021-07-08,0.64
Scandic Hotels Group AB,529900JY9ZBGUXGRKQ86,2024-11-05,3.96
Sprint Bioscience AB,5493006ED74WIIQOKC56,2024-11-05,0.19
Saniona AB,549300XO4L9XNOCFCZ84,2024-08-15,0.49
Biotage AB,529900SR87NBUKX74L58,2024-11-04,0.49
Netel Group Holding AB,8945008LXPHO95822B45,2024-07-17,0.29
Fabege AB,549300JNPI46XNH0PM97,2024-11-01,1.64
Clas Ohlson Aktiebolag,549300MH8OETHBBKJU80,2024-11-01,1.71
Dustin Group AB,549300C3IRYAOWOT0783,2024-11-04,1.34
Isofol Medical AB (publ),549300MCXYAHG7VBHX75,2024-11-04,1.01
Paradox Interactive AB (publ),529900QNSZUY53R5WW95,2024-11-04,0.82
Atrium Ljungberg AB,5493001NNP6HM67OVU09,2024-11-01,0.75
Electrolux Professional AB (publ),254900KI62Q46ZWD8084,2024-11-01,2.14
Bufab AB (publ),5493002TF62S16D67T17,2024-11-04,0.61
Lumito AB (publ),549300RQJ5YP5SU5BB17,2024-11-01,1.1
Nyfosa AB,5493000YR2B83SILCJ50,2024-10-18,0.78
JonDeTech Sensors AB (publ),5493002PSECKYPFFZY39,2024-09-18,0.24
VNV Global AB (publ),549300ONMNSTOBAU0S14,2024-10-15,0.86
AddLife AB,5493005T3M7CD7XWE013,2024-10-31,1.33
BHG Group AB,549300ZLCWL2QTO3HR86,2024-10-28,1.35
Lagercrantz Group Aktiebolag,5493002L6I4YHANEYR87,2024-10-30,0.6
HMS Networks AB,549300MOY2FDUUDIQ179,2024-10-21,2.74
AB Sagax,549300LJX28T6OM8DT95,2024-10-30,0.79
SECTRA Aktiebolag,549300R9ZBT8YSFFK266,2024-10-30,0.71
Metacon AB (publ),549300SDRD0FYQWN2531,2024-10-31,0.51
Crunchfish AB,549300SCGCKME2FXVY03,2024-10-31,1.23
SkiStar Aktiebolag,529900CD7HSJ1CZS7089,2024-10-11,0.7
GARO Aktiebolag,549300RKWROUEEV6VP74,2024-10-29,2.76
Diamyd Medical Aktiebolag,5493003NP2HNQDEKB804,2024-10-28,0.39
Orexo AB,549300LJ5CCWDPTK9Z08,2024-10-28,1.77
Anoto Group AB,54930036ZLGZG0G19M24,2024-10-28,0.53
B3 Consulting Group AB (publ),549300DY2G2PN6NAI688,2024-10-18,0.19
Vitrolife AB,5493001WDZMONMSPPR49,2024-10-24,1.57
Hemnet Group AB (publ),5493008VIU67J3HUAR07,2024-06-11,0.42
Soltech Energy Sweden AB (publ),549300RFE1X384DWQW10,2024-07-12,0.47
Inwido AB (publ),529900A9NKQW5UTHBG13,2020-07-10,0.86
Indutrade Aktiebolag,549300FISLQ6CEFP1867,2024-10-23,0.72
Troax Group AB (publ),5493003TBEWGBIEG1X97,2024-10-22,0.47
Lifco AB (publ),549300RTLL4VDQRCTW41,2024-10-21,1.12
Vimian Group AB,549300OQ8R5TCAP0BS18,2024-09-19,0.1
KINDRED GROUP PLC,213800D1MJVOT6SNBX11,2024-08-14,1.73
CATENA MEDIA P.L.C,549300609A73DL5C5Z86,2024-06-25,1.09
RaySearch Laboratories AB (publ),549300TYFVYGS0JFWM28,2021-11-11,0.54
Fasadgruppen Group AB (publ),549300E24LG2Z7KCFQ23,2024-10-09,0.21
Bulten AB,549300HUR75YN61F4108,2024-10-09,0.21
Glycorex Transplantation AB (publ),549300BFHBYZ3X96EP25,2024-10-09,0.46
Cereno Scientific AB,549300VX8KTMYDS6NM84,2024-10-09,0.41
MilDef Group AB,9845009F7Q0D56B38270,2024-10-07,0.2
SaltX Technology Holding AB (publ),549300W31010S0FY9U64,2024-10-07,0.52
OX2 AB (publ),549300DSDIWP6USPXU21,2024-04-26,0.11
Impact Coatings AB (publ),549300FYU5MJQU32ZU47,2021-11-09,0.19
OssDsign AB,5493005SNS5NAYE2WL53,2024-10-04,0.3
Thunderful Group AB,549300EZJZK1ZXOU9I27,2021-05-18,0.18
Acarix AB,549300KP2XS4513DEI67,2024-08-22,0.23
Climeon AB (publ),549300JILS52HE40MQ24,2024-01-11,0.29
Egetis Therapeutics AB (publ),549300RZCKGWRUBPMY22,2024-10-01,0.82
Oscar Properties Holding AB,549300NZI620CFL1TR88,2024-08-22,0.93
Platzer Fastigheter Holding AB (publ),5493009KPII4BZE70820,2024-09-30,0.1
Midsummer AB,549300ZOWFLNDFSHNB56,2021-11-24,0.19
Genovis Aktiebolag,549300T5KGFRYR7ZST20,2024-08-20,0.32
Enzymatica AB (publ),529900HNJP0335URJQ76,2024-06-24,0.19
K-Fast Holding AB,549300VT0UXKWES37P59,2024-09-04,0.39
Byggmax Group AB,549300MPJPYQB0KCNH03,2024-08-30,0.54
Solid Försäkringsaktiebolag,529900JIV2O9HEPWIN77,2024-09-26,0.45
Diös Fastigheter AB,549300G3VF7LZQ9IW435,2024-09-26,0.19
Nolato Aktiebolag,213800T7T7I7WAOX8Y72,2023-02-15,0.39
Tethys Oil AB,549300WI3UNWMNQDVQ18,2021-08-25,0.49
Swedencare AB (publ),549300FZT7YIF6SWX789,2024-09-25,0.86
MAHA ENERGY AB,213800USNX47LQFQQN20,2024-09-23,0.59
Synsam AB (publ),5493000TMEGW9DHNOQ70,2024-09-23,0.19
engcon AB,549300EMZ2B768S85S50,2024-09-16,0.79
Intellego Technologies AB,549300KTMO4X275LNL41,2024-09-16,0.22
Calliditas Therapeutics AB,549300PVPZO8TNT76B58,2022-02-14,0.34
Resurs Holding AB (publ),5493006KHWZ6OVF3IO54,2020-04-30,0.18
Peab AB,549300FQS4VD3153I854,2024-09-09,0.48
Elanders AB,5493009S961JPI21WN66,2024-09-04,0.3
Starbreeze AB,213800T68IVZFR868L42,2021-06-30,0.34
Doxa Aktiebolag,529900M00QZG3C24PX08,2024-08-29,0.39
Quickbit eu AB (publ),549300I5OMH3T4UPBN04,2024-08-29,0.18
Kancera AB,5493002P3RCOFW6HI207,2021-03-03,0.19
Polygiene Group AB,549300C17W4NO12E4Q14,2024-08-27,0.19
Enad Global 7 AB (publ),549300OBCTAOBEEVN513,2024-05-15,0.2
Fastpartner AB,549300BG6SL5QQ7LQW56,2024-08-23,0.1
Waystream Holding AB (publ),549300BOC6GHWDSJ6X83,2020-01-02,0.19
Cinis Fertilizer AB,6488R5365P1TL3DK2R87,2024-08-23,0.1
Storytel AB (publ),549300I1FSPPI9HHU419,2021-08-06,0.56
CellaVision AB,529900IUBZBZ0HXFJ114,2022-10-10,1.14
Strax AB,5493005LXSKPJXQXI542,2020-03-13,0.2
Intervacc AB,549300OICIVZBBZRNZ64,2023-06-09,0.13
Scandinavian Enviro Systems AB,549300Y61O5J9OHX6M22,2021-11-30,0.19
Gruvaktiebolaget Viscaria,5299004NWV90GIWSWQ04,2024-07-29,0.31
Mendus AB (publ),529900AFBGFR7ZB50J95,2021-03-25,0.19
Atlas Copco Aktiebolag,213800T8PC8Q4FYJZR07,2022-02-11,0.31
SAS AB,549300ZJTLE5T4SGP021,2021-08-26,1.11
BIMobject AB,549300H8BEEY6RNQH874,2021-10-19,0.19
Magnasense AB,549300MWGS283WZLYI10,2024-06-13,0.5
Loomis AB,213800NS2XXVRYS7WP40,2021-06-03,1.56
Nordea Bank Abp,529900ODI3047E2LIV03,2023-03-16,0.48
Viking Supply Ships AB,549300EE66H3WO5AYK71,2024-08-01,0.19
Creades AB (publ),549300MYLGD0VKNGTJ47,2024-07-30,0.38
Mantex Aktiebolag,549300CUQ0FYU2MBDD17,2024-01-19,0.2
Bambuser AB,529900BWE386D22MGZ23,2024-07-23,0.33
ProstaLund AB,549300E8DQ5IX5LJ5I21,2021-03-10,0.12
Bure Equity AB,5493000EHCBQ7QQBGX32,2024-07-22,0.59
Balco Group AB,549300Z8JUDQ3BN8QB79,2021-02-09,0.1
InDex Pharmaceuticals Holding AB,54930047C4A74IBXR037,2021-03-04,0.21
Neobo Fastigheter AB (publ),213800QBPS3L89U9TZ44,2024-07-12,0.13
Teneo AI AB,98450060010AABBAA974,2024-07-12,0.15
Pricer Aktiebolag,5493000MATG2DYK19F35,2021-04-23,0.17
MGI - Media and Games Invest SE,391200UIIWMXRLGARB95,2021-11-22,0.18
Episurf Medical AB,549300GORBCSMHZB2J75,2021-08-10,0.19
Investmentaktiebolaget Latour,5493006GFBLNB3Y0Y789,2022-11-01,0.29
Millicom International Cellular S.A.,549300CTHC1CP86P2G96,2022-09-13,1.54
Cortus Energy AB,549300VX4JS45IIBBN05,2024-06-04,0.1
Irisity AB (publ),529900JYCV3JMCOGGU35,2024-07-03,0.45
Eevia Health,743700NO7D0UA8J1MQ31,2023-08-23,0.32
Xintela AB,549300SMDH1EOLCBQU68,2021-04-09,0.19
Dug Foodtech AB (publ),549300QAYR6579JL5X46,2021-10-13,0.19
Fluicell AB,549300R9LVFVFDTW5Y96,2024-03-01,0.21
DistIT AB,213800CGP4AKXSLWWS08,2023-05-04,0.12
Azelio AB,549300SJ2OCBQN1HH364,2023-06-29,1.21
Nelly Group AB (publ),549300TY1ZF7FQEF0552,2021-04-26,0.19
ISR Immune System Regulation Holding AB (publ),5493007QQ16K1NL2PW55,2022-08-29,0.43
Bonava AB (publ),213800SLYJ6HYXWP8L95,2024-04-02,0.3
Lime Technologies AB (publ),5493008UUFYDF3ZTHC65,2024-06-05,0.1
Re:NewCell AB,549300ODX3D04SRRH667,2024-02-13,3.85
ENQUEST PLC,2138008LJU6WFQWOXJ73,2024-05-07,1.08
Annehem Fastigheter AB,5493001IZXU12M8NYV95,2021-03-12,0.1
Norion Bank AB,529900AGWAKUTYNETM62,2024-05-20,0.43
Enea Aktiebolag,549300UNMLWLG6B2R803,2021-09-01,0.17
Medicover AB,5493000E9BUOYMOW2K53,2023-03-16,0.11
Fagerhult Group AB,549300G9NPD8LSJLMP91,2020-06-18,0.1
Catella AB,213800WNI4X4LCFHV831,2024-03-12,0.1
Scandi Standard AB (publ),5493006VHH78UQJVF844,2021-12-16,0.37
Investor Aktiebolag,549300VEBQPHRZBKUX38,2022-12-14,0.1
PolyPlank Aktiebolag (publ),54930074JF89HQZ5DW64,2024-03-18,0.2
Coala-Life Group AB (publ),549300MAN4M3OKQPID57,2024-03-15,0.75
Aktiebolaget Fastator (publ),549300MI7ETWW4TQD242,2024-03-05,0.2
S2Medical AB (publ),549300K2RWH68WNUI509,2024-02-09,0.11
Realfiction Holding AB,549300AZCIZU2QRKEZ19,2024-01-30,0.39
Arcario AB,549300O9UB56DF0JPH61,2024-01-29,0.31
Vivesto AB,5493003TZPR4B7QO9L49,2024-01-19,0.5
Medivir AB,549300VWDGUX0WMJ1T79,2021-05-31,0.19
MEKO AB,529900R809HC1RFRQA91,2021-11-01,0.49
Karolinska Development AB,54930011ZA52NKO5W681,2021-10-11,0.17
Bactiguard Holding AB,549300PAEBW7IAMOSO21,2022-11-10,0.19
ALELION ENERGY SYSTEMS AB,213800HJQ519AT4VCK42,2023-11-06,0.13
Seafire AB (publ),549300KDKLUNU37BMM70,2023-10-10,0.1
Qliro AB,2138006QFV6OJMYQC847,2021-06-23,0.54
SciBase Holding AB (publ),549300IY6ZWVN0V2P455,2021-06-08,0.17
Acast AB (publ),5493004UROJFQSP6RC85,2021-11-29,0.19
Duni AB,549300MWQEN1427O5L53,2021-03-09,0.2
ALM EQUITY AB,549300FVH6QE042L3J12,2023-05-30,0.83
Sensys Gatso Group AB,5493008GYHJL9PWTC395,2021-03-19,0.23
IMPLANTICA AG,5493007VLX358PSHF006,2023-05-10,0.1
Stora Enso ser. R,7437000ZP669LKUTZ738,2023-04-27,0.1
CDON AB,5493006F7ZGT71653W96,2023-04-25,0.99
Northern CapSek Ventures AB,549300SUB58CZD2F8N84,2021-04-14,0.19
Zordix AB (publ),254900IRBEGO53G9R228,2022-07-01,0.19
Desenio Group AB (publ),64884XU1OA337HY7A137,2022-11-16,0.28
LMK Group AB (publ),529900HKIZBVX08VLG76,2021-12-14,0.14
Papilly AB (publ),549300ABSBGOXEWEVB52,2021-05-14,0.14
Qiiwi Games AB (publ),549300COFKF5IYO65Z50,2022-01-31,0.15
Divio Technologies AB,549300CKKC15TESVL798,2021-04-19,0.17
Offentliga Hus i Norden AB (publ),549300DW54NOXRJXTR48,2021-03-19,0.1
Inzile AB (publ),549300IJN2UMU7OXOC45,2022-01-31,0.14
Gaming Corps AB,5493007I1HS4U2HMQH48,2022-06-02,0.18
2cureX AB,549300SFOL75WIYF2O80,2022-11-15,0.19
OXE Marine AB,549300MM3NFTH3M7CP61,2022-02-25,0.18
Savosolar Oyj,743700J1YZ8IEJAPDL21,2020-12-04,0.18
CombiGene AB,213800CITFPHX4TL8G93,2022-12-01,0.19
ArcAroma AB,5493008BTAMUWWFS1B23,2021-04-30,0.19
Ortivus Aktiebolag,549300AVDV7UC14MTH79,2022-07-08,0.19
Tobii Dynavox AB,5493008X1XZR4R5R0P66,2021-12-13,0.16
Rizzo Group AB,549300QO8NAGX31DFK53,2021-10-08,0.36
Beijer Electronics Group AB,549300HBZGNQOTYZPJ54,2021-06-18,0.19
Rejlers AB (publ),549300K5464VN6QLVB64,2021-03-10,0.1
MOMENT GROUP AB,549300VNTTR22XK8DM54,2021-03-21,0.12
ETRION CORPORATION,549300PLK6HDBY7WQP24,2021-07-26,0.19
SERNEKE Group AB (publ),549300PR6RPXWVYEDE05,2021-10-04,0.29
Björn Borg AB,549300UIPGM58Z67Z634,2021-02-23,0.19
Eniro Group AB,549300DYME127YXNIN46,2021-08-13,0.19
ICA Gruppen Aktiebolag,549300ZEFN8VKPK9I111,2021-11-25,2.7
LeoVegas AB (publ),549300Z1CNOA0L1K8J51,2021-12-13,0.9
Nilörngruppen Aktiebolag,549300XFN5TB930OXX79,2021-03-26,0.19
Swedol AB (publ),549300QTR46SOJY7TE73,2020-03-27,0.19
Adapteo Oyj,549300PDEX0KMLMDNZ32,2020-02-25,0.2
HiQ International AB,549300O6QU5L05C44U49,2020-11-04,0.22
Nobina AB (publ),549300MBXCR8ZQJIFP95,2020-08-12,0.33
NetEnt AB (publ),549300KMAL1H1YLMWP02,2020-06-17,0.76
Lundin Mining Corporation,549300FQDIM6C8HTN269,2020-10-01,0.5
Recipharm AB (publ),549300FHCTIFJOZ9D484,2020-08-07,0.37
Sportamore AB (publ),549300FDPLRPU2MXCJ73,2020-03-04,0.19
Klövern AB,549300D4GJAZR1EMIA07,2021-04-09,0.52
Micro Systemation AB (publ),549300BVH5NT4MN90561,2021-06-08,0.19
Momentum Group AB,549300AZV2TAMUBEZS90,2020-03-05,0.17
Kungsleden Aktiebolag,5493005OXRTBK0WSJN46,2021-05-28,0.48
PROBI Aktiebolag,5493004CJOCT273MU397,2022-01-31,0.12
Haldex Aktiebolag,54930033BTSY61VHUR49,2021-12-02,0.95
Swedish Match AB,529900YVXCGNWAUYZG78,2021-11-22,1.32
Collector AB,529900G9LZILBPCZXA17,2021-08-10,0.77
ASTRAZENECA PLC,PY6ZZQWO2IZFZC3IOL08,2021-01-28,0.3
AKELIUS RESIDENTIAL PROPERTY AB (PUBL),213800REBFN6T3PU8L97,2021-04-20,0.19
Nordic Waterproofing Holding A/S,549300EJEXC4KOSUI651,2020-04-27,0.1
BINERO GROUP,5493004RX6XHM63PCR80,2020-05-19,0.1
Hästkällaren Rid Trav & Western AB,894500464CPRG49EGI94,2020-07-10,0.14
Spintso International,549300N0YFGUA3NVL475,2020-03-13,0.18
"VEONEER, INC.",54930082R4LTC7PERT23,2021-12-16,0.89
Hövding Sverige AB (publ),5493002CWEZ4BUCNG484,2022-01-19,0.19
Brighter AB (publ),5299001CH8K0RXSYV047,2022-11-09,0.37
